eventDate,actionUserId
2025-06-06T03:54:24.02987242Z,41cfaa31-25d4-44ac-8d43-197341df930a
2025-05-29T15:28:02.120172697Z,41cfaa31-25d4-44ac-8d43-197341df930a
2025-05-29T15:27:59.830832206Z,41cfaa31-25d4-44ac-8d43-197341df930a
2025-05-29T15:28:36.619396309Z,41cfaa31-25d4-44ac-8d43-197341df930a
2025-05-29T16:35:30.296995976Z,41cfaa31-25d4-44ac-8d43-197341df930a
2025-05-29T16:36:50.160058071Z,41cfaa31-25d4-44ac-8d43-197341df930a
2025-05-29T15:47:59.218550509Z,41cfaa31-25d4-44ac-8d43-197341df930a
2025-05-29T16:41:29.644173175Z,41cfaa31-25d4-44ac-8d43-197341df930a
2025-05-29T19:03:08.707414306Z,41cfaa31-25d4-44ac-8d43-197341df930a
2025-05-29T16:48:45.580418509Z,41cfaa31-25d4-44ac-8d43-197341df930a
2025-05-29T17:23:04.939436471Z,41cfaa31-25d4-44ac-8d43-197341df930a
2025-05-29T17:55:33.356454092Z,41cfaa31-25d4-44ac-8d43-197341df930a
2025-05-29T18:25:45.097386044Z,41cfaa31-25d4-44ac-8d43-197341df930a
2025-05-29T20:43:26.246166185Z,41cfaa31-25d4-44ac-8d43-197341df930a
2025-05-29T20:43:27.667421606Z,41cfaa31-25d4-44ac-8d43-197341df930a
2025-06-03T17:49:23.067774094Z,41cfaa31-25d4-44ac-8d43-197341df930a
2025-06-03T16:14:15.659376429Z,41cfaa31-25d4-44ac-8d43-197341df930a
2025-06-03T16:14:18.197312755Z,41cfaa31-25d4-44ac-8d43-197341df930a
2025-06-03T16:49:14.741795162Z,41cfaa31-25d4-44ac-8d43-197341df930a
2025-06-03T19:49:42.158201402Z,41cfaa31-25d4-44ac-8d43-197341df930a
2025-06-03T20:49:23.364696161Z,41cfaa31-25d4-44ac-8d43-197341df930a
2025-06-03T20:49:23.542512621Z,41cfaa31-25d4-44ac-8d43-197341df930a
2025-06-05T18:56:11.254414443Z,41cfaa31-25d4-44ac-8d43-197341df930a
2025-06-05T18:56:09.312530062Z,41cfaa31-25d4-44ac-8d43-197341df930a
2025-06-05T19:26:15.347842241Z,41cfaa31-25d4-44ac-8d43-197341df930a
2025-06-05T19:42:40.490565249Z,41cfaa31-25d4-44ac-8d43-197341df930a
2025-06-05T20:42:36.681536118Z,41cfaa31-25d4-44ac-8d43-197341df930a
2025-05-21T15:03:02.460598541Z,41cfaa31-25d4-44ac-8d43-197341df930a
2025-05-21T15:06:26.872755921Z,41cfaa31-25d4-44ac-8d43-197341df930a
2025-05-21T15:06:43.029411395Z,41cfaa31-25d4-44ac-8d43-197341df930a
2025-05-21T15:12:52.562181527Z,41cfaa31-25d4-44ac-8d43-197341df930a
2025-05-28T18:42:51.672280657Z,41cfaa31-25d4-44ac-8d43-197341df930a
2025-05-28T18:45:11.294029101Z,41cfaa31-25d4-44ac-8d43-197341df930a
2025-05-28T18:44:08.143066733Z,41cfaa31-25d4-44ac-8d43-197341df930a
2025-05-28T18:45:40.331847994Z,41cfaa31-25d4-44ac-8d43-197341df930a
2025-05-28T18:45:43.140666429Z,41cfaa31-25d4-44ac-8d43-197341df930a
2025-05-28T18:45:44.47718854Z,41cfaa31-25d4-44ac-8d43-197341df930a
2025-05-28T19:15:47.484275039Z,41cfaa31-25d4-44ac-8d43-197341df930a
2025-05-28T19:45:51.452052273Z,41cfaa31-25d4-44ac-8d43-197341df930a
2025-05-28T20:13:11.663499943Z,41cfaa31-25d4-44ac-8d43-197341df930a
2025-05-28T20:13:12.775612045Z,41cfaa31-25d4-44ac-8d43-197341df930a
2025-05-28T20:13:19.193935772Z,41cfaa31-25d4-44ac-8d43-197341df930a
2025-05-28T20:23:19.926288858Z,41cfaa31-25d4-44ac-8d43-197341df930a
2025-05-28T20:35:23.165463705Z,41cfaa31-25d4-44ac-8d43-197341df930a
